{"cameraMode":{"drawMode":0,"name":"Shaded","section":"Shading Mode"},"sceneLighting":false,"audioPlay":false,"sceneViewState":{"m_AlwaysRefresh":false,"showFog":true,"showSkybox":false,"showFlares":true,"showImageEffects":true,"showParticleSystems":true,"showVisualEffectGraphs":true,"m_FxEnabled":true},"in2DMode":false,"pivot":{"x":-0.24887752532958985,"y":0.8174800872802734,"z":2.8151211738586427},"rotation":{"x":-0.020402701571583749,"y":-0.9683730602264404,"z":0.08447117358446121,"w":-0.23389382660388947},"size":20.634916305541993,"orthographic":false}