{"cameraMode":{"drawMode":0,"name":"Shaded","section":"Shading Mode"},"sceneLighting":false,"audioPlay":false,"sceneViewState":{"m_AlwaysRefresh":false,"showFog":true,"showSkybox":false,"showFlares":true,"showImageEffects":true,"showParticleSystems":true,"showVisualEffectGraphs":true,"m_FxEnabled":true},"in2DMode":false,"pivot":{"x":2.4283671379089357,"y":-4.332640171051025,"z":28.300243377685548},"rotation":{"x":-0.08866913616657257,"y":-0.02330826036632061,"z":0.0020751627162098886,"w":-0.9957889318466187},"size":16.99889373779297,"orthographic":false}